,vote,age,economic.cond.national,economic.cond.household,Blair,Hague,Kennedy,Europe,political.knowledge,gender
1,1,43,3,3,4,1,4,2,2,0
2,0,36,4,4,4,4,4,5,2,1
3,0,35,4,4,5,2,3,3,2,1
4,0,24,4,2,2,1,3,4,0,0
5,0,41,2,2,1,1,4,6,2,1
6,0,47,3,4,4,4,2,4,2,1
7,1,57,2,2,4,4,2,11,2,1
8,0,77,3,4,4,1,4,1,0,1
9,0,39,3,3,4,4,4,11,0,0
10,0,70,3,2,5,1,1,11,2,1
11,0,39,3,3,1,2,1,7,0,0
12,0,66,4,3,4,4,4,9,2,1
13,0,59,4,4,4,1,4,10,2,0
14,0,66,3,3,2,5,4,8,0,0
15,0,77,2,3,2,1,4,11,2,0
16,0,51,4,4,4,4,4,5,0,1
17,0,43,2,4,1,4,3,8,0,0
18,0,41,4,4,5,4,2,7,2,0
19,0,79,3,3,4,2,4,1,0,1
20,0,37,3,1,1,1,4,5,2,0
21,0,38,3,3,4,4,2,7,0,1
22,1,53,2,1,2,4,4,5,2,1
23,0,59,3,3,4,2,2,1,2,1
24,2,44,2,4,4,4,4,9,2,1
25,2,60,3,2,4,4,4,2,2,0
26,0,51,3,3,4,3,3,6,0,0
27,2,56,2,2,2,4,4,9,2,0
28,0,51,3,2,4,2,4,2,2,0
29,0,44,3,3,4,2,4,1,2,1
30,0,61,4,3,5,1,2,1,2,1
31,0,55,3,3,4,4,2,6,2,0
32,0,66,3,2,2,2,2,6,0,1
33,0,59,3,3,2,2,2,1,2,0
34,0,62,4,3,4,2,2,1,2,1
35,2,76,3,4,4,4,4,3,2,0
36,0,41,3,1,4,4,3,6,3,0
37,0,27,2,2,2,2,3,7,0,0
38,0,52,4,3,4,4,4,3,2,1
39,0,48,3,3,4,4,3,11,0,0
40,2,72,1,3,2,2,2,11,2,0
41,0,42,4,4,4,2,2,6,0,0
42,0,48,3,2,4,2,2,4,0,0
43,0,66,1,1,4,2,4,8,0,0
44,0,52,3,3,4,1,3,1,2,0
45,0,37,4,3,4,2,4,4,2,1
46,2,52,2,2,4,4,1,6,3,0
47,1,54,2,3,4,2,2,7,2,0
48,2,50,2,2,1,4,3,10,2,1
49,0,46,4,3,4,4,1,4,3,1
50,0,62,5,3,5,1,5,1,2,1
51,0,61,3,3,4,4,4,4,2,1
52,0,33,2,3,4,4,2,9,0,1
53,0,51,4,3,5,4,2,1,2,1
54,0,59,4,4,4,5,2,11,0,0
55,0,58,4,4,5,1,4,1,0,0
56,0,64,4,3,4,4,3,4,0,1
57,1,42,3,4,4,1,4,4,3,1
58,0,32,1,2,1,4,1,1,2,1
59,2,62,5,3,4,5,3,9,0,1
60,0,71,2,3,5,2,2,6,2,0
61,0,37,3,3,4,2,2,8,0,0
62,0,61,5,4,4,1,4,11,2,1
63,0,28,4,1,4,2,2,6,2,0
64,0,41,3,3,4,4,4,7,0,0
65,0,77,3,3,4,3,3,6,2,1
66,0,34,3,4,4,4,3,8,0,0
67,0,72,4,4,4,4,4,11,2,0
68,0,35,4,4,5,2,4,3,2,1
69,0,68,4,4,4,2,4,11,0,0
70,1,67,4,3,2,1,4,6,2,1
71,0,64,4,4,4,2,4,2,3,0
72,0,39,4,3,4,2,2,5,0,1
73,2,88,3,3,4,4,4,11,0,0
74,1,40,4,4,4,1,4,4,3,1
75,0,43,4,3,4,2,4,6,2,1
76,1,53,4,4,4,2,4,5,3,1
77,1,42,4,3,4,2,4,4,2,0
78,1,38,3,3,4,4,4,4,2,1
79,0,66,2,1,4,2,3,6,0,0
80,0,76,4,3,4,2,4,3,2,0
81,0,44,2,2,4,2,3,8,0,0
82,0,43,2,4,2,4,2,5,0,0
83,2,78,3,3,4,4,4,11,0,0
84,0,47,3,4,4,4,4,3,0,0
85,0,65,2,2,4,2,4,5,2,0
86,1,74,4,3,4,2,4,3,2,1
87,2,53,3,4,2,2,3,6,0,0
88,1,28,2,3,4,4,4,11,2,0
89,0,56,2,2,4,1,3,4,2,0
90,1,82,4,4,4,1,5,5,3,1
91,0,55,3,3,4,1,4,4,2,1
92,2,49,1,1,2,4,3,8,3,0
93,2,77,3,4,4,4,4,8,3,1
94,0,84,5,5,5,2,4,1,0,1
95,0,65,3,3,4,2,2,6,0,0
96,0,81,4,4,5,1,4,5,3,0
97,0,41,3,3,4,4,3,5,2,0
98,0,45,3,2,2,2,3,10,0,1
99,1,74,3,4,2,4,4,1,0,1
100,0,67,3,4,5,1,4,11,0,1
101,0,40,4,4,4,2,4,6,0,1
102,0,71,3,4,4,2,4,3,2,1
103,0,49,3,3,4,2,4,6,2,0
104,2,70,2,3,2,4,4,8,2,0
105,1,61,2,2,4,2,3,7,2,1
106,0,60,1,3,1,4,1,8,0,0
107,0,67,4,3,4,2,2,4,0,1
108,0,76,3,3,5,1,5,1,2,1
109,1,69,3,2,4,4,2,9,0,0
110,0,31,1,1,2,4,4,11,0,1
111,0,47,3,3,4,1,2,4,2,1
112,0,62,3,3,2,2,2,3,0,1
113,0,56,3,3,4,4,3,8,0,0
114,2,66,3,2,2,3,3,2,0,0
115,0,62,3,3,4,2,3,5,2,0
116,0,63,4,4,5,4,2,11,3,0
117,0,48,4,3,4,2,2,6,0,1
118,1,64,4,4,4,2,4,8,2,0
119,0,89,4,3,4,4,3,4,2,0
120,0,68,4,3,4,2,2,11,0,0
121,2,81,2,4,2,1,4,8,0,1
122,0,74,3,2,4,2,4,1,2,1
123,0,83,4,2,5,1,2,5,0,0
124,0,57,4,4,4,2,4,11,2,0
125,0,70,4,3,4,2,4,6,2,1
126,2,79,3,3,2,2,3,9,2,0
127,0,46,4,3,4,4,2,2,2,1
128,0,41,4,4,4,2,2,3,2,1
129,0,53,4,3,4,4,4,7,0,0
130,0,29,3,4,2,4,4,4,0,0
131,0,44,3,2,4,4,3,7,3,0
132,2,92,3,3,4,4,3,8,2,0
133,2,73,2,2,4,4,2,7,2,0
134,2,58,2,3,2,4,3,5,2,1
135,1,60,4,3,2,3,4,6,2,1
136,2,73,3,3,2,4,2,6,0,1
137,2,76,4,3,4,5,3,3,0,0
138,0,55,4,4,4,4,2,6,2,0
139,2,49,3,3,2,5,1,10,3,1
140,0,66,3,3,2,4,2,1,0,0
141,0,35,4,3,4,2,4,4,3,1
142,0,62,4,3,5,2,4,1,2,0
143,0,61,4,2,4,3,3,3,0,1
144,0,34,2,4,4,1,3,6,0,0
145,1,79,3,3,2,2,4,1,2,0
146,0,39,4,2,4,4,3,6,0,0
147,0,69,3,2,4,2,2,8,2,0
148,0,61,4,4,4,2,2,6,0,0
149,0,50,3,3,5,2,4,6,0,1
150,0,33,2,3,4,4,4,3,2,0
151,0,33,3,3,4,2,3,6,2,0
152,2,65,4,2,1,4,4,11,2,0
153,0,49,3,3,2,2,3,6,2,0
154,0,72,4,4,4,2,2,8,2,1
155,0,70,3,4,5,2,4,1,2,0
156,0,75,3,3,5,3,3,4,2,0
157,0,24,3,5,4,1,2,4,0,1
158,0,39,4,3,5,1,1,11,0,0
159,1,55,4,4,2,2,4,4,0,1
160,0,67,1,3,2,4,2,11,0,0
161,0,37,4,4,4,4,2,6,0,0
162,0,51,3,3,4,1,4,6,2,1
163,2,79,2,3,2,4,2,5,0,0
164,0,65,4,4,4,2,4,4,2,0
165,0,70,3,2,4,2,1,3,2,0
166,2,53,1,3,1,4,4,6,2,1
167,0,68,3,4,4,4,4,4,2,0
168,0,83,3,4,4,4,3,3,2,1
169,1,35,3,3,1,2,5,5,3,0
170,1,31,3,3,4,1,5,3,0,0
171,0,33,4,3,4,1,1,5,2,0
172,0,60,4,3,4,1,4,3,2,0
173,1,26,4,4,4,2,4,5,2,0
174,0,51,4,4,4,2,4,2,3,1
175,1,42,4,3,2,1,4,3,3,1
176,0,55,4,4,4,1,4,2,2,0
177,1,41,4,3,4,4,4,1,2,1
178,2,40,3,2,2,2,2,6,2,0
179,2,43,3,2,2,4,2,8,3,0
180,1,50,2,2,4,2,2,4,3,1
181,0,47,4,4,5,1,2,2,3,1
182,2,90,4,4,2,4,4,11,3,0
183,2,76,4,3,1,4,2,11,3,1
184,1,73,3,2,4,4,3,3,0,0
185,2,52,3,3,2,4,2,11,2,0
186,0,46,4,4,2,4,5,5,0,0
187,2,70,5,2,2,5,4,11,2,0
188,2,66,3,3,2,2,1,11,2,0
189,1,54,3,4,2,2,3,10,0,0
190,2,75,3,5,4,4,2,8,3,1
191,0,41,3,2,4,2,4,5,0,0
192,1,62,2,3,2,2,2,11,0,0
193,1,33,3,4,2,2,4,11,2,1
194,2,59,3,2,4,2,4,8,2,0
195,2,73,3,3,2,4,1,11,2,1
196,1,46,3,3,2,4,4,3,2,0
197,2,54,3,5,2,4,2,11,2,0
198,1,40,4,2,2,2,5,7,2,0
199,1,57,4,3,2,1,4,2,3,0
200,2,43,2,3,1,4,2,8,2,1
201,1,46,4,4,4,1,3,8,0,1
202,1,51,2,2,4,4,4,4,2,1
203,1,67,3,4,4,4,3,7,0,1
204,2,65,3,3,2,2,4,6,2,0
205,1,42,2,3,2,2,2,6,0,0
206,2,45,4,4,4,2,4,11,3,1
207,2,34,4,3,1,4,1,5,3,1
208,1,55,3,3,4,2,4,5,0,0
209,1,56,4,4,2,2,4,5,3,1
210,2,39,2,2,4,1,5,4,0,0
211,1,35,3,2,4,2,4,6,2,0
212,1,45,3,3,2,2,4,2,1,0
213,0,28,4,4,4,4,2,7,1,0
214,2,49,3,3,4,2,4,2,2,1
215,0,60,2,2,4,2,1,7,0,1
216,2,34,1,1,1,4,1,11,3,1
217,1,56,2,3,4,1,4,3,3,1
218,0,72,3,4,2,2,4,3,0,0
219,0,59,3,3,2,2,2,4,2,1
220,0,33,4,4,4,2,4,5,2,1
221,0,65,2,2,4,3,3,9,2,0
222,1,24,4,2,4,2,4,4,0,0
223,0,67,5,3,5,1,4,6,0,0
224,2,25,2,3,1,4,4,7,2,0
225,0,44,4,3,4,2,1,8,2,0
226,1,64,3,3,2,1,3,6,2,1
227,0,58,3,2,2,4,1,8,1,0
228,0,33,3,3,4,4,4,5,2,0
229,0,53,3,2,4,2,2,6,0,0
230,0,68,2,3,5,2,4,8,0,0
231,0,67,4,4,5,4,4,10,0,0
232,0,44,4,2,4,2,2,4,3,1
233,0,77,3,3,4,2,3,6,1,0
234,0,35,3,3,2,1,2,1,2,0
235,0,49,4,3,4,2,2,6,0,1
236,0,36,4,4,4,2,2,7,2,0
237,0,31,3,3,2,3,3,6,0,0
238,0,52,3,3,4,1,4,5,0,1
239,0,29,4,4,4,4,3,6,2,0
240,0,74,4,4,5,1,2,9,0,0
241,0,36,3,3,5,2,3,3,2,0
242,0,47,3,1,2,1,4,4,0,0
243,0,68,3,3,2,1,1,8,0,1
244,0,40,3,2,2,4,4,1,3,0
245,0,59,4,3,4,2,4,6,2,0
246,0,54,3,3,5,4,3,1,0,0
247,2,65,3,3,2,4,4,11,0,0
248,1,54,3,3,2,2,5,5,0,0
249,1,24,4,3,4,1,4,2,3,1
250,2,28,3,2,2,4,2,6,0,0
251,0,79,3,3,5,1,5,11,2,1
252,0,80,4,5,4,2,4,1,0,0
253,0,32,3,2,5,1,5,6,2,0
254,0,32,3,2,5,1,4,3,2,0
255,0,34,3,3,2,1,1,2,2,1
256,0,36,3,3,4,2,4,4,0,0
257,0,53,3,4,2,1,3,9,0,0
258,0,63,4,3,4,2,2,9,0,0
259,0,27,3,3,4,4,4,7,0,0
260,1,45,3,3,2,2,4,1,0,0
261,1,77,4,3,4,4,2,4,2,0
262,0,57,4,3,4,2,2,3,2,1
263,1,75,4,2,4,4,5,11,0,0
264,0,36,4,4,2,2,2,11,2,0
265,0,69,3,3,4,1,4,1,2,0
266,1,58,3,3,4,3,3,10,0,1
267,1,71,5,2,4,3,3,3,3,1
268,1,55,4,4,4,4,5,9,2,1
269,0,38,2,4,4,2,2,1,3,0
270,1,37,4,4,4,2,4,11,0,0
271,1,44,2,3,4,4,4,6,0,0
272,2,64,3,3,4,4,4,10,2,0
273,1,37,2,3,2,2,4,5,0,0
274,2,52,3,2,2,4,2,11,2,1
275,1,71,2,3,4,2,5,11,0,0
276,2,49,3,3,2,2,4,8,0,0
277,0,88,3,3,4,1,2,6,0,0
278,2,63,2,4,2,4,2,10,3,0
279,1,74,4,3,4,2,5,8,0,0
280,1,29,3,5,4,4,4,6,0,0
281,1,66,3,3,4,2,4,6,0,0
282,1,43,3,4,1,1,1,8,3,1
283,0,71,2,2,2,1,4,11,0,0
284,1,42,3,3,2,2,4,9,0,1
285,1,79,2,2,2,2,4,9,3,1
286,0,61,3,3,1,1,2,6,2,0
287,2,74,4,4,4,2,4,7,2,0
288,1,54,2,3,2,4,4,11,0,0
289,0,81,4,4,4,1,4,1,2,0
290,2,47,4,3,2,4,1,3,3,1
291,2,75,2,3,4,4,2,8,2,0
292,2,60,1,2,2,5,1,11,2,0
293,1,51,3,3,4,2,4,6,1,0
294,2,47,4,1,4,2,4,8,3,0
295,2,70,3,2,4,4,2,11,0,0
296,0,61,2,3,4,2,2,2,3,1
297,0,62,4,2,4,4,3,6,2,1
298,0,69,5,5,4,2,3,11,0,1
299,1,74,3,2,4,2,4,11,0,0
300,0,30,4,3,4,1,2,2,2,1
301,1,70,4,4,4,2,3,4,2,1
302,2,75,3,4,2,2,5,11,0,1
303,0,75,4,3,4,2,4,9,0,0
304,0,30,4,4,1,2,4,11,0,0
305,1,77,2,2,2,2,2,11,2,0
306,2,66,2,3,4,4,4,10,2,1
307,2,70,2,2,4,2,2,10,3,1
308,0,38,4,4,4,2,2,4,2,1
309,0,49,4,4,4,4,2,2,2,1
310,0,40,4,5,4,1,3,1,0,0
311,1,82,4,4,5,2,3,6,2,1
312,1,48,3,2,4,2,4,6,2,1
313,2,58,2,2,1,1,1,11,2,1
314,1,29,3,2,2,4,4,9,2,0
315,2,65,2,3,2,2,1,4,1,1
316,2,33,3,1,2,4,2,9,2,1
317,2,55,3,3,4,4,2,11,3,1
318,0,56,4,5,4,1,5,11,2,1
319,0,45,3,4,5,2,3,7,2,0
320,2,50,3,5,1,5,1,10,1,0
321,0,80,3,3,5,1,2,4,2,0
322,1,51,3,4,4,1,2,6,2,0
323,1,55,2,3,1,4,4,1,0,0
324,0,55,4,4,4,2,2,6,0,0
325,1,61,4,3,4,1,4,6,0,0
326,0,39,3,3,4,2,3,9,0,0
327,1,49,3,3,2,1,5,11,0,1
328,2,77,3,3,2,4,2,9,2,1
329,1,43,3,3,4,1,4,7,2,0
330,1,34,3,3,4,2,4,3,2,1
331,0,72,5,5,5,4,4,11,0,0
332,2,60,4,4,2,4,3,10,2,1
333,1,39,3,3,1,3,3,11,0,0
334,1,38,2,4,2,2,4,4,3,1
335,1,35,3,5,4,2,4,5,2,1
336,0,44,4,4,2,2,4,10,0,0
337,0,31,4,4,4,1,4,6,3,1
338,1,33,3,3,2,4,4,6,3,1
339,2,66,2,3,1,5,1,11,3,1
340,1,63,3,2,4,2,4,2,3,1
341,0,47,4,4,4,4,4,7,0,1
342,2,38,3,2,2,4,2,11,2,1
343,0,67,4,3,5,4,5,6,2,0
344,2,37,1,4,1,5,1,11,2,0
345,0,27,2,4,2,4,4,10,0,0
346,0,50,3,3,5,5,5,1,3,1
347,0,77,3,3,5,4,2,2,0,1
348,1,71,3,4,1,4,3,11,2,1
349,0,53,3,3,4,2,4,6,2,0
350,0,56,4,2,5,2,2,1,2,0
351,2,32,3,4,2,2,3,9,3,0
352,2,83,2,4,2,4,3,10,2,0
353,0,52,4,3,4,2,2,5,3,0
354,2,74,4,2,2,5,3,11,2,0
355,2,92,3,3,2,4,2,6,0,0
356,2,34,4,4,2,4,3,10,2,1
357,1,80,2,3,4,4,4,3,3,0
358,2,39,3,5,4,4,3,11,3,0
359,1,80,3,5,4,1,4,10,2,0
360,1,66,3,3,4,2,2,5,2,1
361,2,71,3,3,2,3,3,11,3,0
362,1,46,3,2,4,2,4,11,2,0
363,2,54,3,3,4,4,4,11,1,1
364,2,55,4,4,4,4,4,9,2,0
365,2,69,2,2,1,5,1,11,0,1
366,0,74,4,4,4,2,4,5,2,1
367,1,56,4,4,5,1,4,2,3,1
368,2,74,2,3,4,4,3,9,0,0
369,2,37,4,4,2,4,1,11,2,0
370,1,43,3,2,4,2,4,8,3,1
371,2,50,2,3,4,4,5,10,2,0
372,0,57,4,4,4,4,2,5,2,1
373,1,42,3,4,4,2,4,4,3,1
374,2,42,2,3,1,2,2,8,2,1
375,0,36,4,5,5,2,4,4,0,1
376,1,55,4,4,4,4,2,9,0,1
377,2,73,2,1,2,2,1,11,2,0
378,2,29,4,5,4,4,1,8,2,1
379,0,56,4,4,5,2,4,5,2,0
380,2,67,2,3,4,4,4,9,2,0
381,1,47,4,3,4,2,3,7,1,0
382,2,38,2,2,4,4,4,10,2,1
383,0,35,3,3,5,1,2,4,3,0
384,0,83,4,4,4,4,3,1,0,0
385,2,32,4,4,4,2,1,9,2,1
386,2,68,1,1,2,4,1,10,2,0
387,2,76,4,3,4,5,4,11,2,1
388,2,63,2,2,4,4,2,5,3,1
389,1,86,3,3,4,2,4,11,0,1
390,0,35,4,1,4,2,2,11,0,1
391,0,39,3,4,4,2,4,5,2,1
392,1,65,2,2,4,2,4,11,2,1
393,0,32,3,3,4,2,4,2,3,1
394,0,81,4,4,4,4,4,10,2,0
395,2,83,1,2,2,4,3,6,0,0
396,1,33,4,2,4,2,4,7,0,1
397,1,37,2,3,4,4,4,5,2,0
398,1,48,4,4,4,4,3,3,3,1
399,1,61,4,2,4,2,2,6,2,0
400,0,66,3,3,5,1,1,11,0,0
401,1,38,2,1,2,2,4,9,2,1
402,1,79,4,3,5,4,4,11,0,1
403,1,58,4,3,4,4,4,5,2,0
404,2,56,2,5,1,4,1,4,0,1
405,2,61,4,3,2,4,4,10,2,0
406,1,58,3,3,4,2,2,3,3,0
407,1,57,3,3,1,1,4,6,2,0
408,2,35,4,5,4,5,4,11,2,0
409,1,59,3,3,4,4,4,1,3,1
410,1,84,3,4,1,2,3,9,3,0
411,1,65,3,3,4,1,2,10,2,0
412,0,24,4,4,4,2,2,4,2,0
413,0,35,4,3,4,4,2,11,2,1
414,1,50,2,2,4,4,3,2,2,1
415,1,42,3,2,2,4,2,11,3,0
416,2,55,4,4,4,4,4,11,2,1
417,0,35,4,3,2,1,1,7,2,1
418,1,53,4,3,2,2,4,6,3,1
419,2,46,2,2,2,2,2,11,2,1
420,2,55,4,4,4,2,4,7,2,0
421,1,42,3,3,5,1,4,2,3,1
422,2,59,3,3,2,4,4,8,2,0
423,0,56,3,3,4,2,5,1,2,1
424,1,48,4,3,4,1,4,3,2,1
425,2,52,4,2,1,4,1,9,0,1
426,1,35,3,4,5,4,4,9,2,0
427,1,36,4,4,4,2,4,2,2,1
428,1,77,4,4,4,1,3,11,2,0
429,1,51,3,3,4,2,4,6,2,0
430,2,76,2,2,2,4,2,11,2,1
431,2,39,3,4,2,4,4,11,2,0
432,1,38,3,2,4,2,3,11,1,1
433,0,65,4,3,4,4,4,1,3,0
434,2,48,3,3,2,4,3,11,2,0
435,0,31,3,4,4,2,4,8,3,1
436,1,49,1,1,2,2,4,6,0,1
437,2,37,4,1,1,4,1,8,2,1
438,2,60,4,4,4,2,2,6,2,1
439,0,58,4,4,5,1,4,5,3,1
440,0,65,4,2,4,1,2,6,2,1
441,0,51,3,3,4,4,4,11,0,0
442,0,78,1,1,4,4,3,1,0,0
443,2,58,2,4,4,4,2,3,0,1
444,0,61,4,2,4,2,3,7,2,1
445,0,88,4,4,5,1,2,10,0,0
446,0,33,4,3,4,1,4,3,2,1
447,2,66,1,1,2,4,2,9,2,1
448,0,40,4,4,4,4,2,1,0,1
449,1,49,2,3,4,4,2,3,2,0
450,0,48,1,1,4,4,4,11,2,1
451,0,41,3,4,4,4,2,11,0,0
452,1,42,4,3,4,4,3,11,2,1
453,0,72,3,4,4,2,4,8,2,0
454,0,76,4,4,4,1,2,11,0,0
455,0,37,4,4,5,4,4,11,3,0
456,0,70,5,4,4,2,4,6,3,0
457,0,63,3,4,5,1,1,1,3,1
458,0,27,3,3,4,2,3,11,0,0
459,1,57,3,3,4,3,3,5,3,1
460,1,66,4,4,4,2,4,11,0,1
461,2,57,3,2,2,4,4,3,0,1
462,0,72,5,4,4,2,1,2,2,0
463,1,69,3,4,2,2,2,6,0,1
464,0,46,3,4,4,1,4,6,2,0
465,1,75,2,1,1,2,4,10,2,0
466,2,73,3,1,4,4,3,11,2,0
467,0,82,3,4,5,4,4,11,2,1
468,1,28,4,3,4,4,4,2,2,1
469,2,66,4,3,4,2,2,5,0,1
470,2,67,3,2,2,4,2,11,2,1
471,2,51,3,3,2,4,2,10,3,1
472,2,43,3,3,4,2,2,7,2,1
473,0,30,3,4,4,2,2,8,0,1
474,2,47,2,3,4,4,3,4,2,0
475,2,27,3,3,2,4,2,8,2,1
476,0,32,3,4,4,2,2,3,3,0
477,2,61,3,3,2,4,3,11,2,0
478,2,52,4,4,2,4,4,9,2,1
479,0,34,4,4,4,2,2,1,2,1
480,1,71,5,3,5,2,3,2,2,0
481,2,54,3,3,1,4,4,11,2,0
482,1,28,3,3,2,2,4,3,3,1
483,2,70,4,3,4,2,2,3,3,1
484,1,43,2,3,4,2,4,2,3,1
485,1,70,2,3,4,1,3,6,2,1
486,2,63,2,2,4,4,2,10,2,0
487,1,62,2,3,2,4,4,3,0,0
488,1,62,4,3,4,1,4,3,3,1
489,2,47,2,2,2,4,2,9,2,1
490,1,57,2,3,4,1,4,3,3,1
491,2,26,3,5,4,4,4,6,0,0
492,0,41,4,3,4,2,4,5,3,1
493,0,72,4,4,2,1,2,6,0,0
494,0,53,1,1,1,4,3,7,2,0
495,1,68,3,3,4,4,4,7,2,0
496,0,79,3,3,5,3,4,6,0,0
497,1,26,3,3,4,2,4,8,2,1
498,1,54,2,2,1,2,2,11,2,1
499,2,60,3,4,2,4,2,11,0,1
500,0,74,3,4,4,2,2,1,2,1
501,0,30,2,4,4,2,2,3,2,1
502,1,41,4,5,4,2,2,7,2,1
503,2,68,3,3,1,4,4,5,2,0
504,2,33,3,5,4,4,2,7,2,0
505,1,71,3,3,2,2,4,8,2,0
506,2,69,3,4,2,4,2,9,2,1
507,2,72,4,3,4,4,2,6,2,0
508,0,40,3,4,4,2,4,7,3,1
509,2,29,1,2,1,4,3,11,2,0
510,2,63,2,2,1,5,4,11,2,1
511,2,53,1,2,1,2,1,10,2,0
512,2,46,3,3,2,4,4,7,2,0
513,1,39,3,4,4,1,4,8,0,1
514,2,80,2,2,2,4,3,7,2,1
515,2,40,4,4,2,2,5,7,3,1
516,2,44,4,3,4,3,3,4,2,1
517,0,58,3,3,5,4,5,11,0,1
518,2,35,4,4,4,4,2,8,2,1
519,2,39,2,3,4,2,2,11,3,1
520,1,53,3,3,2,4,4,11,2,1
521,0,40,3,4,2,2,2,8,0,0
522,0,51,4,3,4,1,4,2,2,1
523,2,51,3,2,2,2,4,3,2,0
524,2,50,3,4,2,2,1,7,2,0
525,2,68,3,3,2,4,4,5,2,0
526,0,32,4,4,4,4,4,2,2,0
527,1,66,4,4,4,2,4,3,2,0
528,2,62,3,2,2,4,2,11,2,0
529,0,79,3,2,4,4,4,5,2,0
530,1,70,4,3,2,4,4,10,2,0
531,0,75,3,4,4,4,2,8,0,1
532,1,78,4,4,2,2,3,6,2,0
533,2,78,2,3,4,5,2,11,1,1
534,1,71,3,3,4,2,4,11,0,0
535,0,73,4,5,4,1,4,3,2,1
536,1,52,4,2,4,2,4,4,3,1
537,1,66,4,3,5,1,4,4,3,1
538,2,38,2,3,4,4,2,11,2,1
539,0,44,5,3,4,2,4,8,0,1
540,1,83,3,4,4,2,3,4,2,0
541,0,34,3,3,4,1,4,1,3,1
542,2,75,1,5,2,4,4,11,2,1
543,2,66,3,3,2,4,3,5,0,1
544,0,74,3,4,2,2,4,6,2,0
545,0,46,4,4,4,1,1,11,2,0
546,1,76,4,2,2,2,2,3,3,1
547,2,53,2,1,2,5,4,4,2,0
548,1,46,2,2,2,4,3,8,0,0
549,2,43,4,3,4,2,1,11,3,1
550,1,29,4,3,4,2,4,4,2,0
551,0,53,4,4,4,1,4,10,2,0
552,2,31,2,2,2,4,2,6,2,0
553,2,54,4,3,2,4,3,11,2,1
554,2,54,3,4,2,4,3,9,2,0
555,2,38,2,5,2,4,2,10,2,1
556,0,54,5,3,5,2,3,6,2,0
557,0,41,3,2,4,2,2,8,0,0
558,0,77,5,2,4,2,4,4,2,1
559,2,39,2,4,1,2,2,11,3,1
560,2,53,3,3,2,2,4,5,2,0
561,1,42,4,4,4,2,4,11,0,1
562,1,46,3,4,4,1,4,2,0,1
563,0,37,4,2,4,2,5,8,1,1
564,0,41,4,3,4,4,4,8,2,1
565,0,40,3,3,2,4,2,6,2,0
566,0,84,5,4,5,1,2,1,2,1
567,1,43,3,3,4,1,2,4,3,1
568,1,81,4,3,1,2,4,11,2,0
569,0,41,3,4,4,4,3,4,2,0
570,0,46,4,2,2,2,2,5,2,0
571,2,64,3,3,1,2,2,3,2,1
572,1,67,4,4,4,4,5,10,3,0
573,2,71,1,4,2,4,2,8,0,1
574,2,89,2,2,1,4,4,1,0,1
575,2,76,3,4,4,4,2,10,3,0
576,2,50,4,3,2,4,4,9,2,1
577,2,53,3,2,2,4,2,11,2,0
578,2,74,4,3,2,4,2,8,2,0
579,1,76,4,3,4,4,4,8,0,1
580,1,84,4,3,4,2,5,1,3,1
581,0,68,5,4,5,4,4,11,0,0
582,1,46,3,3,2,4,4,6,0,0
583,2,39,3,3,1,4,1,11,2,0
584,2,64,2,3,2,4,4,10,2,0
585,0,43,4,2,5,1,3,6,0,0
586,2,59,4,3,3,5,3,9,3,1
587,0,58,4,3,5,2,3,3,2,1
588,0,70,4,2,2,1,1,11,2,0
589,2,35,3,4,2,4,3,11,2,0
590,0,36,5,5,4,2,4,1,3,1
591,2,77,3,3,4,4,2,9,3,1
592,0,52,4,4,4,2,4,4,2,1
593,1,65,3,1,4,2,2,11,2,1
594,2,60,3,2,2,4,4,11,2,0
595,2,48,3,3,2,5,3,10,2,0
596,0,38,4,3,5,5,4,3,2,1
597,2,70,3,3,2,4,3,7,2,0
598,2,50,3,2,2,2,2,3,2,1
599,1,47,4,4,2,2,1,5,3,0
600,2,62,3,3,4,3,3,11,2,0
601,1,64,5,3,4,2,1,1,3,1
602,2,62,3,3,2,4,2,4,0,1
603,0,57,3,4,4,2,4,6,0,0
604,0,65,3,3,4,2,4,11,0,0
605,2,55,4,4,4,2,4,8,2,1
606,2,64,4,1,4,4,2,9,0,0
607,2,32,2,3,2,4,2,11,2,0
608,2,72,3,3,1,2,1,11,2,0
609,1,65,3,3,4,2,2,5,2,1
610,1,84,4,2,4,1,4,4,3,0
611,2,49,3,4,2,4,2,11,2,1
612,1,55,3,3,4,2,4,11,2,0
613,1,48,4,3,4,4,5,10,2,1
614,2,30,2,3,4,4,5,7,3,1
615,2,40,3,4,2,2,2,9,2,0
616,2,35,2,2,1,4,3,11,2,1
617,0,51,4,4,2,2,4,5,3,1
618,2,75,5,3,2,4,2,11,2,1
619,0,54,4,4,2,2,4,3,2,1
620,0,32,4,5,2,4,2,7,2,0
621,2,64,3,3,4,4,3,6,0,1
622,1,54,3,3,4,4,5,6,3,0
623,0,76,3,3,4,2,2,11,2,1
624,1,47,3,2,2,2,2,6,2,0
625,2,33,2,4,2,2,3,11,3,0
626,2,88,4,2,4,4,4,2,0,0
627,1,39,3,4,4,2,4,5,2,1
628,2,66,3,3,2,5,2,11,2,1
629,2,37,2,3,2,4,2,10,2,0
630,0,81,1,3,4,2,4,11,1,0
631,1,64,4,4,4,4,5,5,2,0
632,0,37,4,3,4,2,4,4,2,0
633,1,48,2,2,2,4,1,9,2,0
634,2,42,2,2,2,4,4,11,3,1
635,1,53,3,1,2,4,4,6,3,0
636,2,57,2,3,2,2,4,4,0,0
637,0,39,2,2,4,1,4,10,2,1
638,2,56,3,3,2,4,1,3,2,0
639,0,41,4,4,4,2,2,5,2,1
640,2,45,4,3,4,4,4,10,2,0
641,2,85,4,3,2,4,4,11,2,0
642,0,57,3,3,4,2,4,4,2,0
643,0,37,4,4,4,4,2,3,2,1
644,0,53,4,2,1,4,4,11,2,0
645,0,35,3,4,4,4,3,10,0,0
646,0,41,4,4,4,1,4,4,0,0
647,2,37,2,4,2,5,2,9,2,0
648,1,32,4,3,2,2,4,6,2,0
649,2,30,3,1,2,4,5,11,2,1
650,2,61,4,3,4,4,2,7,2,0
651,0,36,4,4,4,4,4,1,0,0
652,0,59,5,3,2,4,1,11,0,0
653,2,72,5,1,4,1,4,11,2,1
654,2,55,3,4,4,5,3,8,3,0
655,0,48,3,2,2,3,3,11,0,0
656,0,57,4,4,4,2,4,11,0,0
657,2,68,3,3,4,3,3,11,2,0
658,2,78,2,3,1,4,1,11,3,1
659,2,68,2,4,4,2,4,6,0,0
660,2,67,3,3,5,5,5,7,2,1
661,2,35,3,2,4,4,4,7,2,0
662,0,36,4,3,2,2,3,8,2,0
663,0,30,4,2,4,2,4,11,2,0
664,1,37,4,3,4,4,4,10,2,1
665,2,43,3,2,2,4,3,9,2,1
666,1,80,5,3,2,5,4,9,0,1
667,2,35,2,4,2,2,2,7,2,0
668,2,36,2,2,4,2,4,11,3,0
669,2,81,4,5,2,4,2,11,2,0
670,1,40,4,4,4,2,2,3,2,0
671,1,69,4,2,2,4,4,10,0,0
672,1,47,2,2,4,2,4,10,2,0
673,1,31,3,2,4,4,3,4,2,1
674,0,79,5,4,4,2,4,6,2,1
675,1,43,4,1,2,4,3,6,2,1
676,2,72,3,3,2,4,3,11,2,0
677,2,36,2,3,2,4,3,10,2,1
678,0,47,3,3,4,2,4,11,0,1
679,2,66,4,5,2,5,2,11,2,1
680,2,36,3,4,4,4,3,6,2,1
681,2,46,3,3,2,2,2,11,2,1
682,2,47,2,2,1,5,2,11,3,0
683,2,75,3,4,4,4,2,11,2,0
684,2,74,4,3,4,4,4,10,2,0
685,2,54,2,4,2,2,1,11,2,0
686,2,79,3,3,4,4,2,11,2,0
687,0,75,3,4,5,2,2,3,0,0
688,2,71,3,3,2,4,2,5,2,0
689,2,50,2,4,2,5,4,11,2,0
690,1,56,3,3,2,3,3,6,3,0
691,2,52,4,3,2,4,2,7,2,0
692,0,33,4,4,4,2,4,6,2,1
693,0,72,5,3,4,1,4,11,2,0
694,0,47,4,3,4,4,4,5,2,0
695,0,35,4,4,2,1,2,11,0,1
696,0,68,3,5,4,4,4,11,2,1
697,0,78,5,4,4,2,4,1,2,0
698,0,47,4,3,2,4,2,2,0,0
699,0,52,3,3,2,1,4,1,2,1
700,0,72,4,4,5,4,4,2,2,1
701,0,47,3,3,4,2,4,4,0,0
702,0,50,4,3,2,2,3,10,0,1
703,0,59,3,4,4,2,4,2,3,1
704,2,37,4,4,2,2,2,8,2,1
705,0,72,4,4,4,2,4,3,2,1
706,0,35,3,4,4,4,4,3,3,1
707,2,48,2,2,4,2,4,8,0,1
708,0,64,5,4,4,4,4,11,0,1
709,1,57,4,5,4,1,4,3,2,0
710,0,42,4,3,4,2,4,3,2,1
711,1,39,5,3,4,2,4,5,3,1
712,2,75,2,2,4,4,2,6,0,0
713,1,43,3,4,4,4,4,6,2,1
714,0,43,4,4,4,2,4,1,1,1
715,0,37,3,2,4,4,5,5,2,0
716,0,67,4,3,5,2,2,2,2,1
717,0,59,4,1,4,1,3,11,1,0
718,0,52,3,3,4,1,2,6,2,0
719,0,45,5,4,4,2,3,9,0,1
720,2,55,3,2,2,4,2,10,3,1
721,0,70,2,2,2,5,2,11,0,1
722,2,64,3,3,2,4,1,11,2,1
723,1,35,4,4,4,2,4,6,2,0
724,1,38,3,3,4,1,2,7,3,1
725,1,31,3,2,2,2,4,7,2,0
726,1,38,3,3,4,1,4,5,3,1
727,0,43,2,2,4,2,2,9,0,0
728,0,46,4,5,1,1,4,6,0,0
729,1,42,4,4,2,2,2,6,2,0
730,0,44,5,1,5,1,3,4,3,0
731,0,40,5,3,4,2,4,4,2,0
732,0,37,4,4,4,1,3,1,2,0
733,0,47,4,3,4,3,3,5,3,1
734,0,44,5,3,4,1,2,3,3,0
735,0,29,4,3,4,2,4,4,2,1
736,0,37,4,4,4,2,4,2,3,1
737,1,46,3,3,4,2,4,8,2,1
738,0,62,3,3,4,1,3,6,3,1
739,0,46,5,4,5,2,2,9,0,1
740,0,79,4,5,5,3,3,7,1,0
741,0,38,4,4,4,2,2,2,3,1
742,2,29,3,3,2,2,2,7,0,0
743,0,56,3,2,2,2,2,4,0,0
744,1,45,2,2,4,2,4,6,2,1
745,0,53,4,3,4,4,4,5,0,1
746,2,70,2,2,4,2,2,10,2,0
747,2,44,3,2,2,4,2,11,2,1
748,1,51,4,4,4,2,4,11,2,0
749,2,69,1,1,4,2,4,11,0,0
750,2,43,2,2,2,4,3,6,0,1
751,2,56,4,3,4,4,4,3,0,0
752,0,45,4,4,4,2,4,5,3,1
753,0,45,5,3,4,4,4,3,1,0
754,2,49,2,2,4,4,4,10,2,1
755,2,32,2,3,2,5,2,1,0,0
756,2,58,2,3,2,2,3,7,2,0
757,1,49,4,4,4,2,4,8,0,0
758,0,75,3,4,4,3,3,1,2,1
759,2,36,2,2,2,2,1,9,3,1
760,1,61,3,3,4,4,4,8,2,0
761,2,76,3,3,4,4,3,10,2,1
762,0,36,3,4,4,4,3,9,0,1
763,0,37,3,3,2,1,1,9,0,0
764,2,77,2,2,1,4,3,8,3,0
765,0,25,4,4,4,2,4,6,2,1
766,2,49,3,5,4,4,4,8,2,0
767,1,59,2,2,2,2,4,11,0,0
768,2,31,2,2,2,4,1,5,2,1
769,2,35,2,2,2,4,1,11,3,1
770,0,36,3,2,4,2,2,9,0,1
771,0,30,2,1,4,4,3,2,3,0
772,0,61,4,3,5,2,1,9,0,1
773,2,52,2,3,2,5,2,11,2,0
774,2,56,4,3,2,4,4,10,2,0
775,0,53,4,4,4,4,3,8,2,0
776,1,46,3,4,4,2,5,3,3,0
777,2,27,3,4,2,2,2,9,2,0
778,0,60,5,4,4,2,4,2,2,1
779,2,75,4,3,4,4,1,11,2,1
780,1,80,5,5,4,4,2,4,0,1
781,0,61,5,4,4,1,4,1,2,0
782,2,55,2,2,1,4,4,7,2,1
783,1,35,4,4,5,2,2,6,2,1
784,1,49,2,4,2,2,3,5,2,0
785,1,45,2,3,4,2,4,2,3,1
786,0,52,4,2,4,1,4,5,2,0
787,0,75,5,2,5,1,4,1,2,0
788,1,85,4,2,4,1,4,1,3,0
789,0,38,4,4,4,1,4,5,2,1
790,0,34,4,5,4,4,2,8,0,0
791,1,61,3,3,2,1,2,7,2,0
792,0,54,2,3,2,1,2,5,3,1
793,1,58,3,3,4,4,5,4,3,0
794,1,54,4,4,4,2,4,10,0,1
795,0,50,3,5,5,1,4,3,2,1
796,0,29,4,4,4,2,2,10,0,0
797,0,51,4,3,4,2,1,6,2,0
798,0,72,4,4,5,1,4,2,2,1
799,1,50,2,2,2,2,4,6,2,0
800,0,85,2,3,4,3,4,6,2,0
801,2,42,2,2,1,4,4,7,2,0
802,1,34,4,3,4,1,2,5,2,1
803,2,70,3,3,2,2,2,4,2,0
804,0,36,4,5,5,4,4,6,0,1
805,2,35,3,5,4,4,2,8,3,1
806,2,38,4,2,4,5,3,10,2,1
807,1,53,2,3,2,2,2,5,3,0
808,0,77,4,4,5,2,4,5,2,1
809,0,37,2,4,4,1,4,5,3,1
810,0,75,2,2,2,4,3,3,3,1
811,0,45,4,5,5,4,4,10,3,0
812,2,82,3,3,4,4,3,11,2,1
813,0,48,3,3,4,2,4,8,3,1
814,0,68,3,3,4,1,1,6,2,1
815,1,48,3,3,4,1,5,2,3,0
816,0,87,4,4,4,2,4,3,2,1
817,0,52,4,4,4,3,3,4,3,0
818,2,53,4,3,4,5,4,10,2,1
819,2,66,1,2,1,4,2,11,3,0
820,1,85,3,4,4,4,4,5,2,0
821,0,47,4,3,4,4,2,4,0,1
822,1,51,3,4,4,2,2,11,2,0
823,0,41,4,4,4,4,3,5,2,0
824,1,54,4,2,4,4,4,2,2,0
825,0,76,4,3,5,4,4,10,2,1
826,2,72,3,3,2,4,2,6,2,1
827,1,31,3,2,4,2,3,6,0,0
828,2,27,3,3,2,4,4,5,2,0
829,2,79,3,3,2,4,2,1,0,0
830,1,46,2,3,4,4,3,1,2,1
831,2,31,3,3,4,5,4,9,2,1
832,1,66,4,3,4,2,4,5,3,0
833,0,42,4,4,4,2,2,4,2,1
834,1,51,3,4,4,2,4,4,2,1
835,1,75,4,4,4,1,5,3,3,0
836,0,44,3,3,4,2,4,11,0,0
837,0,63,3,3,4,3,3,11,2,0
838,2,77,2,3,2,2,2,10,2,0
839,2,75,1,3,2,2,4,11,2,0
840,0,50,4,3,4,1,3,9,0,1
841,0,67,3,3,4,2,4,8,2,1
842,2,64,3,1,2,4,4,11,0,0
843,2,24,3,2,4,2,2,10,2,0
844,1,44,3,1,4,2,4,6,2,1
845,2,39,4,4,2,4,4,8,0,0
846,2,70,3,1,4,4,4,7,2,0
847,2,35,3,4,2,1,1,11,2,0
848,2,33,3,4,2,4,2,6,2,0
849,0,36,2,2,4,1,2,10,0,0
850,2,45,3,4,1,5,4,11,0,0
851,0,57,3,1,4,3,3,11,1,0
852,0,63,3,1,4,1,4,9,2,0
853,2,64,2,4,1,4,3,10,2,0
854,1,49,2,4,2,4,2,5,1,0
855,0,52,5,3,4,2,3,11,3,1
856,0,66,3,2,4,2,4,9,2,0
857,0,75,3,4,4,4,3,1,2,0
858,0,45,2,4,4,2,5,6,2,1
859,1,39,3,3,4,2,4,8,0,1
860,1,40,3,3,4,2,4,5,2,0
861,2,43,3,4,2,4,1,11,2,1
862,2,74,3,3,2,2,2,9,2,0
863,2,70,3,3,4,2,2,5,2,1
864,2,27,3,2,4,2,2,8,2,0
865,2,57,4,3,2,4,1,9,2,0
866,2,45,4,4,4,4,2,3,0,1
867,1,49,2,3,4,1,4,6,2,0
868,2,80,2,4,4,4,4,11,2,0
869,2,51,3,3,2,4,4,9,2,0
870,0,33,4,4,4,1,4,9,0,0
871,1,38,2,4,2,2,1,4,3,1
872,2,48,2,3,1,4,2,11,2,0
873,2,45,4,4,2,4,1,11,2,1
874,2,42,2,2,2,4,1,11,3,0
875,0,50,3,4,4,4,4,8,2,1
876,0,49,4,4,4,2,4,9,0,0
877,2,44,3,3,4,4,5,11,2,0
878,0,85,5,5,5,1,4,1,2,1
879,1,86,3,4,1,4,4,11,2,0
880,2,69,2,3,2,4,2,11,0,1
881,1,32,2,5,4,2,4,4,3,1
882,1,51,2,4,4,1,4,6,3,0
883,2,69,3,3,2,2,2,11,2,0
884,0,81,5,3,5,2,4,8,2,1
885,1,75,2,3,4,2,3,6,2,1
886,2,70,4,3,4,4,3,6,0,0
887,2,58,4,2,2,4,3,11,0,0
888,0,61,4,2,5,1,4,2,3,1
889,2,57,2,3,4,4,2,6,0,0
890,2,35,3,4,2,4,4,11,0,1
891,2,37,2,3,2,2,4,10,0,0
892,2,46,3,3,2,2,2,9,3,1
893,1,66,4,3,2,1,4,6,3,0
894,0,51,4,3,4,2,4,2,2,0
895,2,73,3,3,2,4,2,11,3,0
896,0,32,3,3,4,1,4,3,3,1
897,1,30,3,3,2,4,4,6,2,0
898,0,38,4,2,4,2,1,6,2,0
899,2,39,5,4,2,2,1,11,2,1
900,2,49,3,4,4,5,4,9,0,1
901,2,82,3,3,2,4,4,11,2,1
902,0,42,3,3,4,4,4,7,2,1
903,0,37,5,5,4,1,2,6,2,0
904,2,58,3,2,4,4,3,7,0,0
905,1,29,3,3,4,2,2,8,2,0
906,1,27,5,5,2,1,4,4,3,1
907,0,57,5,5,5,2,4,9,0,1
908,2,30,3,3,2,4,4,8,0,0
909,2,43,3,4,2,2,4,9,2,0
910,0,62,5,4,4,1,4,2,3,1
911,1,42,3,4,4,2,4,3,3,1
912,0,67,5,3,4,1,2,1,3,0
913,0,36,2,3,4,2,4,5,0,0
914,0,74,3,4,4,2,3,2,3,1
915,0,41,4,4,4,2,2,4,0,0
916,1,27,3,4,4,4,4,5,3,0
917,0,29,4,4,4,2,4,2,2,0
918,0,38,3,3,4,2,2,6,2,0
919,1,74,4,3,4,2,4,7,1,0
920,1,38,3,2,4,4,4,2,2,1
921,1,61,3,3,4,2,4,1,2,0
922,1,65,4,4,4,2,1,3,0,1
923,0,36,3,3,4,4,2,5,0,1
924,1,48,3,4,4,2,2,5,2,1
925,1,39,2,4,2,4,4,8,0,0
926,0,48,3,3,4,1,1,6,2,0
927,2,50,3,3,2,5,2,7,3,1
928,2,71,2,2,4,5,2,11,2,0
929,1,42,2,2,1,2,2,7,2,0
930,0,56,4,3,4,2,4,3,2,0
931,1,64,1,3,2,1,3,3,0,0
932,1,80,3,4,4,1,4,1,0,1
933,2,56,4,3,4,4,4,5,0,0
934,2,60,2,2,2,3,3,10,2,0
935,2,39,2,2,1,4,4,9,2,1
936,0,43,2,1,4,2,4,8,2,1
937,0,35,3,2,4,2,4,3,2,1
938,0,66,5,3,5,1,2,3,2,0
939,2,59,1,4,2,4,4,11,0,1
940,0,37,2,4,2,4,4,7,0,1
941,0,37,3,4,4,4,4,5,3,0
942,0,61,5,5,4,4,4,6,0,1
943,0,38,4,5,4,4,3,6,0,1
944,0,66,4,3,5,1,3,1,2,1
945,1,41,3,3,2,4,3,11,0,1
946,2,65,2,4,2,5,3,11,2,0
947,0,57,3,2,2,2,5,2,2,1
948,2,62,2,1,1,4,1,11,2,1
949,0,31,4,5,4,2,2,4,3,1
950,2,40,2,3,1,4,1,8,3,1
951,1,49,3,3,2,1,4,9,2,0
952,2,65,2,5,4,2,2,11,2,1
953,0,35,5,3,2,2,3,10,0,0
954,0,76,4,5,5,2,4,2,3,1
955,2,74,2,2,2,4,3,10,2,0
956,2,53,3,3,2,4,3,1,0,0
957,0,49,1,2,4,2,2,11,0,0
958,1,37,3,2,4,2,4,7,2,1
959,2,54,2,2,2,2,4,9,2,1
960,1,75,4,4,1,1,5,1,3,1
961,0,76,4,3,5,2,5,9,3,1
962,0,58,3,3,4,2,4,2,2,0
963,2,35,2,3,4,4,4,10,3,0
964,2,66,3,3,2,3,2,11,1,0
965,2,80,2,3,4,4,3,6,2,1
966,2,53,4,3,4,2,4,5,2,1
967,0,64,3,2,5,2,1,11,2,1
968,0,71,3,4,4,1,2,4,0,0
969,0,40,4,2,4,1,4,4,0,0
970,0,62,4,3,4,4,3,2,2,0
971,2,89,2,2,4,4,4,11,0,0
972,0,40,2,4,4,2,2,8,2,1
973,0,38,3,4,4,2,4,3,2,0
974,0,38,3,3,2,2,3,11,0,0
975,0,37,4,4,4,2,4,10,0,1
976,0,50,3,2,4,2,3,11,0,0
977,2,53,2,5,1,4,4,11,2,1
978,2,78,2,3,2,4,2,11,1,0
979,0,73,2,2,4,2,2,10,2,1
980,0,64,4,4,2,5,3,11,2,1
981,0,56,2,2,4,1,3,6,2,1
982,2,73,4,3,2,2,4,11,2,0
983,2,51,3,2,2,2,4,9,2,1
984,2,74,4,3,2,4,5,8,2,0
985,0,39,4,5,5,4,3,6,2,0
986,2,56,4,2,5,5,2,8,2,1
987,2,80,4,2,4,5,3,11,2,0
988,2,67,3,2,2,4,3,11,1,1
989,1,61,2,2,4,4,4,9,0,1
990,2,81,3,3,4,4,4,10,2,0
991,1,35,2,3,4,2,4,3,3,0
992,2,34,2,4,1,4,3,11,2,0
993,2,49,1,2,2,4,4,11,3,1
994,1,41,3,4,4,2,4,10,0,0
995,1,58,5,3,4,1,4,5,2,1
996,0,37,4,3,4,2,2,5,0,1
997,0,38,4,2,5,4,4,1,0,1
998,0,47,4,4,4,1,4,4,3,1
999,0,75,4,5,4,4,3,11,2,0
1000,0,72,4,3,2,2,4,11,2,0
1001,1,75,4,3,4,2,4,11,0,1
1002,2,68,3,1,2,2,4,11,2,1
1003,0,70,5,4,2,5,5,11,0,1
1004,2,72,2,2,4,4,4,4,0,0
1005,0,39,3,2,4,2,1,7,0,0
1006,0,47,4,3,4,2,3,5,2,0
1007,0,42,4,3,5,4,5,4,2,0
1008,0,75,4,4,4,1,3,11,0,1
1009,2,75,2,2,2,4,2,8,3,0
1010,0,32,4,3,4,2,2,4,1,0
1011,0,76,4,4,5,2,4,11,0,0
1012,0,34,4,4,4,2,4,3,2,0
1013,2,67,3,4,4,4,3,4,1,0
1014,1,44,2,2,2,4,4,11,2,0
1015,0,42,3,5,2,1,2,9,0,1
1016,2,40,2,3,4,4,2,11,2,0
1017,0,57,4,3,4,2,4,6,2,1
1018,2,65,2,4,4,4,4,5,2,1
1019,2,42,1,1,1,4,3,6,2,0
1020,0,77,4,5,4,2,4,1,0,1
1021,0,49,3,5,5,2,2,5,3,1
1022,1,50,4,3,2,1,2,11,1,1
1023,0,76,4,4,5,4,4,3,2,1
1024,1,72,3,3,2,2,4,11,2,1
1025,0,47,4,3,4,2,2,4,2,1
1026,0,52,4,4,4,2,4,4,2,0
1027,2,68,2,3,1,4,3,11,2,0
1028,0,61,4,5,4,2,4,10,2,1
1029,2,72,3,3,2,4,1,11,3,1
1030,2,72,4,4,2,2,3,9,2,0
1031,0,45,3,3,4,2,4,11,0,0
1032,2,47,2,3,2,4,3,8,2,0
1033,2,35,2,3,2,3,3,10,2,1
1034,0,34,4,4,4,2,2,7,0,0
1035,0,39,4,3,4,2,2,3,2,0
1036,1,53,2,4,1,4,4,2,0,1
1037,1,27,3,5,2,4,4,6,2,0
1038,0,40,4,3,4,2,4,2,2,1
1039,0,29,4,3,4,4,2,6,3,0
1040,2,43,5,5,2,4,2,4,2,0
1041,2,59,3,3,2,4,2,4,3,0
1042,2,78,4,4,2,2,4,10,0,0
1043,0,26,4,4,4,2,3,5,0,1
1044,0,34,4,5,4,2,2,5,2,1
1045,0,42,3,3,4,2,2,3,0,1
1046,1,37,1,2,4,4,4,11,0,0
1047,0,50,1,1,4,4,2,6,0,0
1048,0,61,4,3,4,4,4,10,0,1
1049,0,58,4,3,2,2,4,11,0,1
1050,0,78,4,4,4,2,3,11,0,0
1051,0,52,3,4,2,1,4,6,0,0
1052,1,34,3,2,2,2,2,9,0,0
1053,0,69,4,3,5,2,2,3,0,1
1054,2,69,4,4,1,5,1,11,1,1
1055,0,54,5,4,4,2,5,6,2,1
1056,0,79,4,3,5,1,2,3,0,1
1057,0,30,5,5,4,5,5,9,0,0
1058,0,52,3,3,4,1,4,11,1,1
1059,0,37,3,4,4,2,2,8,0,0
1060,2,49,3,3,4,4,4,11,2,1
1061,0,31,5,4,4,4,4,6,0,0
1062,0,32,2,2,4,4,5,5,3,1
1063,0,37,4,4,2,2,3,10,0,1
1064,0,39,4,4,4,2,4,2,2,0
1065,0,74,4,4,5,2,3,11,0,0
1066,1,89,3,5,4,2,2,1,0,1
1067,1,66,3,3,2,4,4,6,2,1
1068,1,83,4,5,5,2,4,3,2,1
1069,1,45,2,3,4,2,1,6,2,1
1070,2,71,3,3,4,4,2,11,2,1
1071,0,53,3,3,4,1,5,11,2,1
1072,2,84,3,3,2,5,1,11,2,0
1073,0,59,3,3,5,2,4,6,2,1
1074,1,69,4,4,4,5,4,11,2,0
1075,1,68,2,3,1,4,4,11,0,1
1076,0,89,5,5,5,2,1,1,2,1
1077,2,72,3,3,4,4,2,8,3,1
1078,0,83,4,3,4,3,4,8,0,0
1079,0,64,4,3,2,1,5,4,2,1
1080,0,47,3,4,4,2,2,2,2,0
1081,0,61,4,4,5,1,4,1,2,1
1082,0,43,4,4,2,3,3,5,0,1
1083,1,42,3,3,4,1,5,6,2,0
1084,0,40,3,4,4,1,4,3,3,1
1085,2,68,3,1,4,5,2,9,0,1
1086,0,24,4,1,2,2,3,7,0,0
1087,1,53,3,2,4,4,5,6,0,0
1088,2,36,3,3,2,4,4,10,2,0
1089,0,76,4,4,5,2,2,1,0,0
1090,2,67,3,3,2,5,3,9,0,1
1091,1,58,2,2,4,2,4,4,3,1
1092,0,70,3,3,1,5,5,3,2,1
1093,2,35,3,3,4,4,3,10,2,1
1094,0,47,4,3,5,1,4,2,3,0
1095,2,42,4,3,4,4,3,5,0,1
1096,0,40,4,4,4,2,2,2,2,0
1097,1,34,4,5,4,4,4,7,2,0
1098,0,54,3,3,4,2,2,1,2,0
1099,2,39,3,2,4,4,2,9,2,0
1100,0,60,3,3,4,1,3,6,0,1
1101,1,74,4,3,5,4,3,11,0,0
1102,2,62,3,3,2,5,3,8,0,1
1103,2,59,2,3,4,2,2,6,3,0
1104,0,47,4,4,4,1,4,4,2,0
1105,1,49,4,3,4,2,4,8,2,1
1106,2,49,2,3,2,3,2,11,0,1
1107,0,86,3,4,4,2,2,4,2,0
1108,2,67,4,4,4,4,4,11,2,0
1109,2,54,4,2,1,4,4,11,2,0
1110,2,85,2,3,2,2,4,8,2,0
1111,1,49,3,1,4,4,3,4,0,1
1112,2,55,3,3,4,4,3,3,0,0
1113,1,74,4,3,4,1,4,2,3,1
1114,2,70,2,2,1,2,2,11,2,1
1115,2,46,2,2,2,1,4,8,2,1
1116,1,29,4,5,4,4,2,8,0,0
1117,1,65,4,4,2,1,4,3,3,0
1118,1,49,3,2,4,2,4,2,2,0
1119,2,29,2,4,4,4,2,9,2,0
1120,2,37,3,3,4,4,2,10,2,0
1121,0,45,4,4,4,2,5,9,3,1
1122,2,61,2,3,2,2,1,5,3,1
1123,0,34,3,3,2,2,2,9,2,1
1124,0,61,4,3,4,4,4,1,2,0
1125,1,38,3,2,1,5,3,5,0,0
1126,0,37,3,3,4,2,4,6,2,1
1127,0,28,4,4,4,2,4,10,0,0
1128,0,61,3,3,4,2,3,6,0,0
1129,1,53,4,3,4,2,4,10,0,0
1130,0,73,4,4,5,2,3,6,2,1
1131,0,74,4,4,4,4,1,7,0,1
1132,0,36,3,3,1,5,4,7,3,0
1133,0,67,4,2,4,1,2,1,2,1
1134,2,55,4,3,4,5,2,11,2,0
1135,2,45,2,2,1,5,4,9,2,1
1136,0,38,4,4,4,4,5,3,0,0
1137,2,52,3,3,2,4,4,11,3,0
1138,0,70,3,3,4,2,2,4,2,1
1139,1,68,4,4,2,2,2,4,3,1
1140,0,50,4,3,4,1,4,3,3,1
1141,0,34,2,4,5,1,4,3,3,1
1142,0,43,2,3,2,3,3,11,2,0
1143,2,93,4,4,5,5,2,6,2,0
1144,0,82,3,5,5,2,3,11,0,0
1145,2,24,3,4,2,4,2,11,0,1
1146,0,65,3,3,2,1,4,1,0,0
1147,0,41,4,3,4,2,2,6,2,1
1148,0,83,3,3,5,1,2,6,0,0
1149,0,47,4,4,4,2,4,5,2,0
1150,0,46,2,1,4,4,3,9,0,0
1151,0,30,5,4,4,2,1,6,2,1
1152,0,36,3,3,4,1,4,6,3,1
1153,2,44,2,2,2,2,5,7,2,1
1154,0,57,2,3,4,2,3,6,2,0
1155,2,53,3,4,2,2,2,6,0,0
1156,1,64,3,3,4,2,4,6,0,0
1157,2,56,3,3,1,4,4,9,2,0
1158,1,49,2,3,2,4,4,6,2,0
1159,0,87,5,3,5,4,3,4,0,0
1160,1,46,3,3,1,2,5,11,0,0
1161,0,50,4,3,4,2,2,4,2,1
1162,0,51,4,3,5,2,4,1,3,1
1163,0,33,4,5,5,4,4,2,2,0
1164,2,77,2,3,2,4,1,11,2,1
1165,0,48,4,3,4,2,4,6,3,0
1166,2,67,3,4,4,4,3,11,2,0
1167,1,27,3,4,4,4,4,2,3,1
1168,2,24,4,4,2,1,3,4,2,0
1169,0,26,2,4,5,2,4,4,3,1
1170,1,46,4,3,4,2,4,5,2,0
1171,1,25,4,4,1,1,4,3,3,0
1172,0,37,4,3,4,1,4,4,0,1
1173,2,24,4,5,4,4,2,6,0,1
1174,0,32,4,4,2,2,2,11,0,0
1175,0,54,3,3,1,2,2,11,0,1
1176,2,63,4,2,2,4,4,10,2,0
1177,2,59,4,3,2,4,2,8,2,0
1178,2,55,5,3,2,2,2,7,0,0
1179,2,36,3,4,4,4,4,10,3,1
1180,1,74,4,4,4,2,4,9,0,0
1181,0,47,3,4,4,2,3,6,0,0
1182,0,31,4,4,4,2,3,11,0,1
1183,1,71,1,2,2,3,3,9,0,0
1184,2,80,2,2,4,2,3,11,2,0
1185,2,61,3,3,4,2,1,6,0,0
1186,0,42,3,3,4,4,3,10,2,0
1187,0,39,4,4,4,1,2,11,0,0
1188,1,54,3,4,4,4,2,7,0,0
1189,0,75,5,4,5,2,4,1,2,1
1190,0,58,4,2,2,4,4,11,0,1
1191,0,58,4,4,5,4,4,7,2,1
1192,0,75,4,5,4,2,4,4,0,0
1193,0,50,4,4,4,2,4,2,2,0
1194,2,38,4,2,1,4,3,9,2,0
1195,0,34,3,3,2,4,5,9,2,1
1196,0,39,3,4,4,2,2,6,3,1
1197,0,46,3,4,5,2,1,3,2,0
1198,1,33,2,2,4,2,4,5,3,0
1199,2,71,4,2,2,4,3,11,2,0
1200,0,49,4,3,4,2,2,4,2,1
1201,0,63,5,2,5,2,4,1,2,1
1202,0,57,4,4,4,3,3,11,1,0
1203,2,64,4,5,4,4,3,11,2,0
1204,0,47,3,5,4,1,4,3,0,0
1205,2,63,3,3,2,4,2,9,2,1
1206,0,52,4,4,4,2,4,1,2,1
1207,2,44,2,2,2,4,2,9,0,0
1208,1,64,3,3,4,2,3,4,2,0
1209,0,45,4,4,4,2,4,6,0,0
1210,0,36,3,3,2,2,4,6,2,0
1211,0,47,4,5,4,2,4,2,3,0
1212,0,37,5,5,5,2,1,4,0,1
1213,0,57,3,3,4,2,5,3,0,1
1214,0,54,3,2,4,2,2,7,2,1
1215,2,80,2,4,2,2,4,11,0,0
1216,0,65,5,3,4,2,4,7,2,0
1217,1,56,3,3,2,4,4,11,2,1
1218,1,55,4,3,2,2,4,5,3,1
1219,2,66,4,4,4,4,4,9,0,1
1220,0,71,3,3,4,2,2,2,2,1
1221,1,32,4,2,2,2,4,6,0,0
1222,2,72,2,2,1,4,1,11,2,1
1223,2,76,3,2,4,5,3,11,2,1
1224,2,71,1,1,2,4,4,9,0,1
1225,1,45,4,3,5,4,4,1,3,0
1226,1,65,3,3,4,2,4,3,0,0
1227,2,39,3,1,1,2,2,8,2,0
1228,0,55,4,3,4,2,5,5,0,0
1229,1,62,3,3,2,2,2,8,2,1
1230,0,70,3,3,2,2,2,5,3,1
1231,1,39,3,5,4,1,4,1,2,0
1232,0,50,4,2,4,2,4,5,2,1
1233,0,40,5,5,5,1,1,3,3,1
1234,0,41,4,4,4,2,2,4,2,0
1235,1,40,2,2,4,4,5,11,3,1
1236,0,71,3,4,5,4,4,1,2,0
1237,1,36,3,3,2,2,4,6,2,0
1238,0,70,4,3,5,2,2,1,0,0
1239,0,42,4,4,4,2,2,3,0,0
1240,2,69,4,3,4,4,1,8,2,0
1241,1,60,5,3,2,2,2,5,2,0
1242,0,65,4,3,2,4,4,10,0,0
1243,0,52,4,4,4,2,4,5,0,0
1244,0,41,1,4,5,1,5,11,0,1
1245,0,29,4,4,4,2,1,2,2,0
1246,1,45,3,4,4,2,5,10,0,0
1247,2,48,3,2,4,4,4,11,3,0
1248,1,55,2,4,4,2,4,3,2,0
1249,2,75,4,3,4,5,2,7,3,0
1250,1,80,4,2,2,3,4,11,0,0
1251,1,51,3,4,1,1,1,3,2,0
1252,0,56,3,3,4,2,4,6,2,0
1253,0,43,4,4,4,2,4,11,2,1
1254,0,39,3,4,4,2,3,3,2,0
1255,2,59,4,3,2,4,1,11,0,1
1256,0,34,4,4,2,2,4,11,2,0
1257,1,27,3,3,4,2,4,4,2,0
1258,1,50,3,2,4,4,1,11,2,1
1259,0,47,4,4,4,2,4,1,2,1
1260,2,69,2,2,2,5,2,11,2,0
1261,1,77,4,4,2,2,2,1,2,0
1262,0,74,4,4,2,4,4,11,2,1
1263,2,71,4,3,2,4,4,11,2,0
1264,2,63,4,4,4,4,3,3,2,0
1265,0,49,4,4,4,2,2,3,2,1
1266,2,46,3,4,2,2,3,11,0,1
1267,2,43,3,2,1,4,4,11,3,0
1268,2,70,3,2,4,4,2,10,3,1
1269,0,67,3,3,4,2,4,3,0,0
1270,0,80,4,4,4,2,2,10,1,0
1271,2,54,2,2,2,5,2,11,2,1
1272,1,58,4,4,4,4,5,11,0,1
1273,0,54,3,3,4,2,2,3,2,0
1274,0,27,3,4,4,4,4,9,0,0
1275,0,40,4,3,4,4,2,6,0,1
1276,0,49,4,4,4,2,4,3,2,0
1277,0,26,5,3,5,1,4,4,2,0
1278,1,51,2,2,4,4,3,8,0,0
1279,1,53,4,4,2,1,4,10,0,1
1280,0,46,3,3,4,2,2,5,2,1
1281,0,42,3,1,4,2,2,4,2,0
1282,1,35,4,2,4,2,4,3,2,1
1283,2,69,2,3,1,4,1,11,2,0
1284,0,63,4,2,4,2,4,4,3,1
1285,0,76,3,4,5,2,4,9,2,1
1286,0,44,4,4,4,2,4,5,2,1
1287,2,66,2,2,2,4,3,11,3,1
1288,0,85,2,3,4,2,4,11,3,1
1289,2,32,4,2,2,4,2,5,3,1
1290,0,74,3,4,4,1,2,11,1,0
1291,2,28,3,4,4,4,2,8,2,1
1292,0,91,4,3,4,4,3,2,3,1
1293,0,60,5,2,5,2,2,1,2,1
1294,2,59,3,3,2,2,2,7,2,0
1295,0,31,4,4,4,2,4,4,2,1
1296,0,81,3,4,4,4,3,4,0,0
1297,0,56,4,3,4,2,4,6,0,1
1298,1,28,2,4,4,4,2,7,0,1
1299,0,69,3,3,4,2,3,11,2,0
1300,1,37,4,1,4,2,5,11,0,0
1301,0,24,3,3,4,4,4,4,0,0
1302,0,38,3,3,1,2,5,6,2,0
1303,0,46,4,4,4,2,4,3,3,1
1304,0,25,4,4,5,1,4,4,3,1
1305,0,49,3,3,5,4,4,10,0,1
1306,0,35,3,3,4,1,4,1,2,1
1307,0,56,3,3,4,4,2,3,0,1
1308,0,62,4,2,4,2,2,5,2,0
1309,1,57,4,1,2,2,4,3,2,1
1310,0,48,3,4,4,1,2,6,0,0
1311,0,80,4,4,4,2,2,5,2,0
1312,1,61,3,3,2,2,4,6,0,0
1313,2,52,3,3,2,4,2,10,3,1
1314,0,32,3,3,2,4,3,6,2,1
1315,1,70,2,2,2,4,4,11,0,0
1316,0,35,4,3,5,4,4,5,0,1
1317,0,33,5,5,5,4,4,11,0,0
1318,0,32,3,4,4,4,2,9,0,1
1319,0,62,3,3,4,1,5,11,0,0
1320,2,30,3,4,2,5,2,11,2,0
1321,0,60,3,4,2,2,4,9,2,0
1322,1,49,3,2,4,4,4,9,2,1
1323,0,69,4,2,4,2,4,11,0,0
1324,1,67,4,3,1,4,5,11,0,1
1325,0,39,4,3,4,2,2,8,0,1
1326,2,40,3,2,2,4,2,11,0,1
1327,0,74,4,4,4,2,2,1,2,1
1328,0,37,5,5,5,2,2,11,2,0
1329,0,35,4,3,4,4,2,7,0,0
1330,0,33,5,4,4,4,3,8,0,1
1331,2,54,3,2,2,5,2,9,3,1
1332,1,65,4,3,4,4,5,9,0,1
1333,1,49,3,4,2,4,4,7,2,1
1334,0,72,3,3,4,2,2,11,0,0
1335,2,38,3,1,2,4,2,7,2,1
1336,1,67,4,2,2,2,4,10,1,0
1337,0,47,3,3,5,2,4,1,2,1
1338,1,58,2,2,2,2,4,1,3,0
1339,1,31,3,5,4,2,4,3,3,1
1340,0,34,4,5,4,1,3,6,0,0
1341,0,42,3,3,2,2,3,11,0,0
1342,0,67,3,3,4,2,4,6,2,1
1343,1,26,3,3,2,4,3,6,2,0
1344,0,73,2,3,4,4,4,2,2,1
1345,1,46,2,4,4,4,1,6,2,0
1346,0,69,3,3,2,4,5,11,2,0
1347,2,56,4,3,2,2,4,4,0,0
1348,2,66,3,5,1,5,4,8,3,1
1349,0,54,4,4,4,2,4,1,1,1
1350,2,72,3,2,2,4,3,7,2,0
1351,0,53,3,3,4,2,4,6,3,1
1352,0,37,4,5,4,2,4,6,2,0
1353,2,47,4,3,4,5,2,8,0,0
1354,1,53,4,1,4,2,2,3,3,0
1355,2,69,3,3,4,4,4,9,2,0
1356,1,47,2,2,2,1,2,6,3,1
1357,1,46,4,2,2,1,4,5,2,0
1358,1,50,4,3,4,1,4,3,2,0
1359,2,65,4,4,1,4,1,11,2,0
1360,2,73,3,2,4,4,4,4,0,0
1361,1,47,3,2,4,2,4,3,3,1
1362,0,30,3,4,4,4,2,11,0,1
1363,0,50,3,3,4,4,2,6,0,0
1364,0,53,5,5,4,4,3,2,2,0
1365,2,27,3,5,4,4,4,8,2,1
1366,2,65,3,3,4,5,3,11,2,0
1367,0,39,4,4,4,4,2,7,0,0
1368,0,69,3,3,4,2,2,11,2,1
1369,2,73,4,3,2,4,4,9,2,1
1370,0,31,3,4,4,4,4,9,3,1
1371,2,62,2,2,2,4,2,6,2,0
1372,1,46,4,4,4,4,1,1,2,1
1373,0,74,4,4,4,2,4,2,2,1
1374,2,50,3,2,2,2,3,11,0,0
1375,0,51,4,4,4,2,4,6,3,1
1376,0,50,4,3,4,1,3,11,0,0
1377,2,42,3,2,2,4,2,10,2,1
1378,0,66,4,3,4,2,2,6,2,1
1379,0,44,4,4,4,2,3,11,2,0
1380,2,62,3,3,2,4,2,11,2,1
1381,0,72,4,4,4,2,3,6,0,0
1382,0,71,4,4,2,4,4,6,0,1
1383,0,75,5,5,5,2,4,1,2,1
1384,0,35,5,4,2,2,3,4,0,0
1385,1,61,3,3,4,2,3,10,0,1
1386,0,38,2,4,4,4,4,11,0,1
1387,0,50,3,3,5,2,4,9,2,0
1388,2,53,3,2,2,1,4,4,0,0
1389,0,84,4,5,5,2,4,11,0,0
1390,0,57,4,4,2,2,4,6,0,0
1391,0,69,3,3,4,2,4,10,3,1
1392,2,52,2,2,2,4,1,11,2,0
1393,0,33,3,2,2,2,4,5,3,1
1394,2,72,2,2,2,5,2,11,2,1
1395,2,54,3,3,4,4,2,11,0,0
1396,0,57,3,3,4,1,4,6,3,1
1397,0,77,4,3,4,2,4,3,2,1
1398,2,58,2,1,2,4,4,4,0,1
1399,2,63,3,4,2,2,2,11,3,0
1400,2,49,3,1,2,5,4,9,3,1
1401,2,64,3,2,2,4,3,10,2,0
1402,1,55,3,3,4,2,2,3,3,0
1403,2,37,3,5,1,5,1,10,3,1
1404,2,48,3,3,2,4,1,2,2,0
1405,1,48,3,3,2,4,4,5,3,1
1406,0,60,4,3,5,1,4,6,3,1
1407,0,59,3,2,1,2,4,1,2,1
1408,2,67,4,3,4,2,3,11,0,0
1409,2,52,3,3,2,4,4,5,2,0
1410,0,68,4,4,4,2,3,11,0,1
1411,0,71,3,4,4,1,4,11,2,1
1412,1,54,3,3,2,1,4,11,0,0
1413,2,73,3,2,4,1,3,6,0,1
1414,0,56,4,5,2,2,4,9,0,0
1415,0,54,3,4,4,2,2,3,2,0
1416,2,63,2,3,4,4,2,6,2,1
1417,2,66,3,2,2,4,4,6,2,1
1418,0,40,4,4,4,2,4,1,2,0
1419,0,54,4,3,2,4,4,6,0,0
1420,0,39,5,4,5,2,2,2,2,0
1421,0,74,4,4,5,2,5,1,2,0
1422,2,61,3,2,2,4,3,2,0,1
1423,0,45,4,4,4,1,4,8,2,0
1424,0,72,4,4,5,1,4,1,2,1
1425,0,46,3,3,2,1,2,4,3,1
1426,1,84,4,4,2,1,4,7,0,1
1427,0,60,4,4,4,2,2,9,0,0
1428,0,49,5,5,4,1,4,1,2,0
1429,0,59,3,3,5,4,4,5,2,1
1430,0,53,3,4,4,2,3,10,0,1
1431,0,78,3,3,5,2,3,3,0,0
1432,0,42,3,4,4,4,4,3,2,0
1433,0,79,4,4,5,2,5,3,0,1
1434,1,59,4,3,4,1,4,8,1,1
1435,0,66,4,4,5,4,2,11,0,1
1436,0,54,5,3,4,2,4,8,2,1
1437,0,62,4,1,1,1,3,1,0,1
1438,2,34,2,2,2,2,2,7,2,1
1439,0,40,4,3,4,2,2,2,2,1
1440,0,87,4,4,4,1,3,10,2,1
1441,1,34,3,3,2,2,4,8,2,0
1442,0,48,3,3,5,2,3,6,2,1
1443,2,68,2,3,2,4,4,10,2,0
1444,0,36,4,5,4,2,4,6,2,0
1445,0,69,4,4,4,2,4,11,0,0
1446,0,71,4,3,4,2,2,11,0,1
1447,1,75,4,4,4,2,4,4,2,0
1448,1,69,3,3,2,5,2,11,2,1
1449,0,55,4,3,4,4,3,3,0,0
1450,1,47,4,4,4,2,4,5,0,0
1451,0,43,4,4,4,2,3,5,0,0
1452,0,73,4,3,4,2,2,1,3,1
1453,2,68,3,4,4,4,4,11,2,1
1454,0,62,3,3,2,2,4,11,2,0
1455,2,42,2,2,4,5,4,9,2,1
1456,0,86,2,4,2,3,3,11,1,1
1457,0,44,4,3,4,1,4,4,2,1
1458,2,59,3,3,2,1,4,11,0,0
1459,0,56,3,3,2,1,4,1,2,0
1460,0,72,3,5,5,2,3,1,0,0
1461,0,43,4,3,4,4,2,8,1,1
1462,0,44,3,4,5,1,2,6,3,1
1463,0,76,5,3,4,1,3,11,0,0
1464,0,57,3,1,4,4,4,3,2,1
1465,0,44,3,3,4,2,2,7,2,1
1466,0,46,4,4,4,2,2,11,0,1
1467,0,36,2,2,5,2,4,11,0,0
1468,1,58,3,2,4,2,2,6,2,0
1469,0,41,3,4,4,2,4,6,2,1
1470,2,70,1,1,2,5,2,11,2,1
1471,0,46,4,3,4,1,4,1,2,1
1472,0,65,3,3,4,1,4,2,2,1
1473,0,79,5,5,2,1,3,3,3,1
1474,0,54,3,3,4,1,2,5,0,0
1475,0,56,4,3,2,4,4,8,0,1
1476,0,36,4,3,4,2,4,4,2,1
1477,0,56,2,2,4,2,1,7,2,1
1478,0,50,4,2,2,1,4,3,2,1
1479,1,42,3,3,4,2,4,4,2,0
1480,0,79,4,4,5,1,3,3,3,1
1481,1,55,2,1,4,4,2,7,2,0
1482,2,50,3,2,2,4,4,9,2,0
1483,0,56,2,3,4,4,2,5,2,0
1484,2,65,3,2,4,5,2,9,2,0
1485,1,48,4,2,2,4,4,3,3,1
1486,2,41,2,2,2,4,4,11,0,0
1487,0,79,3,3,5,4,4,1,2,1
1488,0,49,4,4,4,2,4,3,3,1
1489,0,77,5,4,5,4,4,2,2,1
1490,2,60,4,3,2,4,1,10,0,0
1491,2,54,3,3,2,4,4,1,1,0
1492,0,64,3,3,4,1,3,11,0,1
1493,2,50,2,3,2,4,4,6,2,0
1494,1,34,3,1,4,2,3,6,2,0
1495,2,78,3,3,2,2,1,6,2,0
1496,1,46,3,2,1,4,4,9,2,1
1497,0,41,4,5,5,4,4,5,2,0
1498,0,65,4,3,4,2,2,6,2,0
1499,0,65,3,3,2,2,3,1,3,0
1500,2,79,2,2,2,4,4,11,0,0
1501,0,67,2,3,4,2,3,4,0,0
1502,2,44,3,1,4,2,5,9,3,0
1503,0,31,4,3,4,4,5,5,3,0
1504,2,54,5,2,4,2,4,6,2,0
1505,1,63,3,2,4,1,2,3,3,1
1506,1,75,3,2,4,4,4,6,2,1
1507,0,62,3,3,4,1,1,6,2,1
1508,2,52,2,1,1,4,4,8,2,0
1509,2,70,2,2,4,2,4,11,2,1
1510,0,67,3,3,5,2,3,4,2,0
1511,0,73,4,3,4,2,1,11,0,1
1512,0,63,3,3,4,2,2,8,2,0
1513,2,75,3,3,2,4,4,7,1,1
1514,0,46,3,3,4,2,2,4,2,1
1515,0,74,3,3,5,2,4,11,0,0
1516,2,82,2,2,2,1,4,11,2,0
1517,0,30,3,4,4,2,2,4,2,1
1518,0,76,4,3,2,2,3,11,2,1
1519,0,50,3,4,4,2,3,5,2,1
1520,2,35,3,4,4,2,4,8,2,1
1521,2,67,5,3,2,4,4,11,3,1
1522,2,73,2,2,4,4,4,8,2,1
1523,0,37,3,3,5,4,4,2,2,1
1524,2,61,3,3,1,4,1,11,2,1
1525,2,74,2,3,2,4,4,11,0,0
